"Country or Area","Year","Value"
"Australia","2016","102804.927108698"
"Australia","2015","102326.085615556"
"Australia","2014","101649.015996568"
"Australia","2013","103672.344678162"
"Australia","2012","104594.303230287"
"Australia","2011","105092.283616163"
"Australia","2010","103085.796605804"
"Australia","2009","105096.379539366"
"Australia","2008","105746.360259709"
"Australia","2007","107547.7360194"
"Australia","2006","107749.935305315"
"Australia","2005","108280.564232942"
"Australia","2004","106592.020871487"
"Australia","2003","104638.699560566"
"Australia","2002","109679.502364871"
"Australia","2001","111415.879358142"
"Australia","2000","113009.840724473"
"Australia","1999","109527.567766336"
"Australia","1998","113595.149731319"
"Australia","1997","114634.229297482"
"Australia","1996","111818.008548231"
"Australia","1995","111684.518229061"
"Australia","1994","113054.286783691"
"Australia","1993","116250.889986857"
"Australia","1992","119701.365686302"
"Australia","1991","120165.458029151"
"Australia","1990","120087.051949854"
"Austria","2016","6567.07221054138"
"Austria","2015","6631.77879860547"
"Austria","2014","6708.72508144014"
"Austria","2013","6850.7866102906"
"Austria","2012","6942.72706618892"
"Austria","2011","7052.61828337274"
"Austria","2010","7255.02138023615"
"Austria","2009","7354.47773829459"
"Austria","2008","7445.86556642841"
"Austria","2007","7579.41396829148"
"Austria","2006","7704.57829085569"
"Austria","2005","7829.76175358202"
"Austria","2004","8067.72520999013"
"Austria","2003","8067.11118312844"
"Austria","2002","8130.44387065067"
"Austria","2001","8274.37566078385"
"Austria","2000","8433.82676396536"
"Austria","1999","8597.36375923568"
"Austria","1998","8776.35567709857"
"Austria","1997","8954.78737881511"
"Austria","1996","9256.91226680005"
"Austria","1995","9561.36582786115"
"Austria","1994","9627.6947739966"
"Austria","1993","9914.99881167359"
"Austria","1992","9999.54593291184"
"Austria","1991","10283.8663544369"
"Austria","1990","10405.4855771638"
"Belarus","2016","17028.1322776984"
"Belarus","2015","17368.6628374972"
"Belarus","2014","16973.4442818246"
"Belarus","2013","16871.3132598638"
"Belarus","2012","16367.2090905928"
"Belarus","2011","16061.0067406986"
"Belarus","2010","16388.6753936571"
"Belarus","2009","15956.8134429841"
"Belarus","2008","15881.8801327962"
"Belarus","2007","14820.1515190623"
"Belarus","2006","14386.7230615454"
"Belarus","2005","13938.8805080983"
"Belarus","2004","14006.883227215"
"Belarus","2003","13259.4498993768"
"Belarus","2002","13133.1003612864"
"Belarus","2001","13263.9156602588"
"Belarus","2000","13392.8584885917"
"Belarus","1999","13614.7282195294"
"Belarus","1998","14047.2512944026"
"Belarus","1997","14087.7547005088"
"Belarus","1996","14116.7832098831"
"Belarus","1995","14195.4660447888"
"Belarus","1994","14973.6423446468"
"Belarus","1993","15748.1723069296"
"Belarus","1992","16681.0737837343"
"Belarus","1991","17814.6888366893"
"Belarus","1990","18604.5301743923"
"Belgium","2016","8043.9175191366"
"Belgium","2015","8106.55720110602"
"Belgium","2014","8154.43118574233"
"Belgium","2013","8242.25272057454"
"Belgium","2012","8391.42960346649"
"Belgium","2011","8523.25559041914"
"Belgium","2010","8789.09760272458"
"Belgium","2009","8833.55596659075"
"Belgium","2008","8899.37294705182"
"Belgium","2007","9100.17283727726"
"Belgium","2006","9157.87038921966"
"Belgium","2005","9254.10706686383"
"Belgium","2004","9497.7993274846"
"Belgium","2003","9548.98238048699"
"Belgium","2002","10124.6121580297"
"Belgium","2001","10558.6988262261"
"Belgium","2000","11008.005450882"
"Belgium","1999","11451.0544731266"
"Belgium","1998","11707.5451249575"
"Belgium","1997","11873.1205555714"
"Belgium","1996","11982.8363816193"
"Belgium","1995","12136.5211762878"
"Belgium","1994","12055.7425989361"
"Belgium","1993","12009.0797155708"
"Belgium","1992","12058.8752465931"
"Belgium","1991","12151.1597117648"
"Belgium","1990","12197.2031600203"
"Bulgaria","2016","7048.42504404406"
"Bulgaria","2015","7339.67724815803"
"Bulgaria","2014","7389.6381695839"
"Bulgaria","2013","7495.52961126468"
"Bulgaria","2012","7605.03019805024"
"Bulgaria","2011","7972.47381044591"
"Bulgaria","2010","7736.22074157929"
"Bulgaria","2009","7760.80260710044"
"Bulgaria","2008","8097.760810051"
"Bulgaria","2007","8314.34881309423"
"Bulgaria","2006","8377.18573364736"
"Bulgaria","2005","8662.42748764119"
"Bulgaria","2004","9093.30344960271"
"Bulgaria","2003","9675.94499583331"
"Bulgaria","2002","9305.98110620129"
"Bulgaria","2001","9455.18991456231"
"Bulgaria","2000","10149.3978912895"
"Bulgaria","1999","10279.6965124376"
"Bulgaria","1998","10786.7212139494"
"Bulgaria","1997","11390.8917357139"
"Bulgaria","1996","11776.6416211912"
"Bulgaria","1995","11877.2974790971"
"Bulgaria","1994","11819.3431992459"
"Bulgaria","1993","13723.3305915786"
"Bulgaria","1992","14807.4046281026"
"Bulgaria","1991","15121.2010264339"
"Bulgaria","1990","16149.6136693347"
"Canada","2016","95628.8449892234"
"Canada","2015","99423.9570870035"
"Canada","2014","101002.838385412"
"Canada","2013","98574.6062314336"
"Canada","2012","96596.5471992495"
"Canada","2011","94252.9558593377"
"Canada","2010","94149.5136281313"
"Canada","2009","96670.999225392"
"Canada","2008","101731.890190322"
"Canada","2007","104897.882643651"
"Canada","2006","106832.01250036"
"Canada","2005","107524.98276183"
"Canada","2004","108597.099327626"
"Canada","2003","108072.522288892"
"Canada","2002","108934.548507776"
"Canada","2001","111055.842681944"
"Canada","2000","112363.826301386"
"Canada","1999","112438.296888193"
"Canada","1998","112606.781601493"
"Canada","1997","111221.20593302"
"Canada","1996","109375.007090318"
"Canada","1995","105784.830246305"
"Canada","1994","101677.093706851"
"Canada","1993","98044.0333654947"
"Canada","1992","94811.9823907665"
"Canada","1991","90299.8230453601"
"Canada","1990","88312.5533797277"
"Croatia","2016","3950.91866490945"
"Croatia","2015","3949.19733684221"
"Croatia","2014","3738.31033177704"
"Croatia","2013","3788.51393512824"
"Croatia","2012","3864.46515901285"
"Croatia","2011","3961.30467725293"
"Croatia","2010","3972.75327234546"
"Croatia","2009","3920.02005979834"
"Croatia","2008","3824.46896187399"
"Croatia","2007","3822.95114498923"
"Croatia","2006","3818.39349627316"
"Croatia","2005","3702.22343240192"
"Croatia","2004","3757.03315244782"
"Croatia","2003","3589.25254976438"
"Croatia","2002","3458.42101434886"
"Croatia","2001","3459.68581455667"
"Croatia","2000","3377.01237979319"
"Croatia","1999","3450.67320761903"
"Croatia","1998","3434.83978204206"
"Croatia","1997","3476.3415065767"
"Croatia","1996","3533.66837180967"
"Croatia","1995","3547.93490523628"
"Croatia","1994","3606.61317368105"
"Croatia","1993","3824.92378613584"
"Croatia","1992","3766.25930408738"
"Croatia","1991","4208.02351429347"
"Croatia","1990","4354.49212687428"
"Cyprus","2016","851.36066845"
"Cyprus","2015","822.086238025"
"Cyprus","2014","805.70974915"
"Cyprus","2013","805.965123125"
"Cyprus","2012","812.7330851"
"Cyprus","2011","823.9901137"
"Cyprus","2010","819.426486425"
"Cyprus","2009","812.306142225"
"Cyprus","2008","811.67133445"
"Cyprus","2007","813.30870155"
"Cyprus","2006","809.980629"
"Cyprus","2005","808.11940425"
"Cyprus","2004","824.964169"
"Cyprus","2003","829.142347"
"Cyprus","2002","837.396475"
"Cyprus","2001","813.250637"
"Cyprus","2000","781.78307325"
"Cyprus","1999","765.507269"
"Cyprus","1998","762.3140685"
"Cyprus","1997","761.01527725"
"Cyprus","1996","757.2515665"
"Cyprus","1995","740.5939485"
"Cyprus","1994","719.60962925"
"Cyprus","1993","706.70158525"
"Cyprus","1992","682.53201"
"Cyprus","1991","664.5769835"
"Cyprus","1990","653.09768"
"Czech Republic","2016","13771.5974771102"
"Czech Republic","2015","13993.0824755871"
"Czech Republic","2014","13925.4577632542"
"Czech Republic","2013","13923.2900861553"
"Czech Republic","2012","14500.3642433294"
"Czech Republic","2011","14512.6994610058"
"Czech Republic","2010","14479.1447446754"
"Czech Republic","2009","14264.0856511009"
"Czech Republic","2008","14609.7124874604"
"Czech Republic","2007","14485.1174193735"
"Czech Republic","2006","14918.16954157"
"Czech Republic","2005","14681.9171178879"
"Czech Republic","2004","14306.6121429847"
"Czech Republic","2003","14726.3684233137"
"Czech Republic","2002","14717.1589147662"
"Czech Republic","2001","15142.0559029365"
"Czech Republic","2000","15383.4724635467"
"Czech Republic","1999","16208.6029833178"
"Czech Republic","1998","16937.1434429736"
"Czech Republic","1997","17629.3852580016"
"Czech Republic","1996","18039.2816651864"
"Czech Republic","1995","18194.7707386029"
"Czech Republic","1994","18615.5277059901"
"Czech Republic","1993","19748.745128641"
"Czech Republic","1992","20673.3164736859"
"Czech Republic","1991","22040.2548939966"
"Czech Republic","1990","23613.4341064316"
"Denmark","2016","7057.37313362186"
"Denmark","2015","6942.01072611065"
"Denmark","2014","7010.88743328978"
"Denmark","2013","7010.46318130156"
"Denmark","2012","7111.81963446657"
"Denmark","2011","7236.61528377067"
"Denmark","2010","7398.76120132546"
"Denmark","2009","7336.41371112858"
"Denmark","2008","7478.53171283581"
"Denmark","2007","7610.17544841517"
"Denmark","2006","7626.53682300695"
"Denmark","2005","7720.43995066791"
"Denmark","2004","7956.16713838616"
"Denmark","2003","8132.8324425587"
"Denmark","2002","8124.58115894447"
"Denmark","2001","8196.71986634565"
"Denmark","2000","7958.33646060985"
"Denmark","1999","8065.4305813627"
"Denmark","1998","8161.10578912143"
"Denmark","1997","8105.23637813596"
"Denmark","1996","8213.90094185509"
"Denmark","1995","8099.08726869145"
"Denmark","1994","8022.79392441776"
"Denmark","1993","8131.20384951318"
"Denmark","1992","7935.66801804316"
"Denmark","1991","7857.91772726479"
"Denmark","1990","7667.67380852405"
"Estonia","2016","1057.96115171274"
"Estonia","2015","1056.64308729703"
"Estonia","2014","1097.95575858317"
"Estonia","2013","1138.10284959188"
"Estonia","2012","1146.16824238996"
"Estonia","2011","1127.04444148957"
"Estonia","2010","1196.22551757649"
"Estonia","2009","1165.96383799114"
"Estonia","2008","1186.78888881948"
"Estonia","2007","1205.38427472889"
"Estonia","2006","1192.55679503339"
"Estonia","2005","1208.31802315783"
"Estonia","2004","1244.9916515696"
"Estonia","2003","1232.43885615794"
"Estonia","2002","1230.69408538658"
"Estonia","2001","1273.89621035611"
"Estonia","2000","1238.80118546793"
"Estonia","1999","1200.21491588079"
"Estonia","1998","1286.16620728953"
"Estonia","1997","1330.65546087778"
"Estonia","1996","1276.70664703968"
"Estonia","1995","1263.79966818702"
"Estonia","1994","1302.4537277905"
"Estonia","1993","1345.72205055518"
"Estonia","1992","1586.56770280888"
"Estonia","1991","1829.09484794679"
"Estonia","1990","1909.60735635665"
"European Union","2016","447927.330285387"
"European Union","2015","452699.677900641"
"European Union","2014","452854.655603607"
"European Union","2013","459914.868731173"
"European Union","2012","470153.212416945"
"European Union","2011","474521.152517845"
"European Union","2010","484151.351673161"
"European Union","2009","494561.250043558"
"European Union","2008","506161.791084939"
"European Union","2007","517335.305756724"
"European Union","2006","526435.648544663"
"European Union","2005","538887.230998088"
"European Union","2004","551479.018483513"
"European Union","2003","569396.307718875"
"European Union","2002","578141.13420496"
"European Union","2001","592431.572279121"
"European Union","2000","599896.257086995"
"European Union","1999","612176.019730199"
"European Union","1998","624268.96291599"
"European Union","1997","639840.864918574"
"European Union","1996","652531.982911444"
"European Union","1995","657081.821653834"
"European Union","1994","658344.857807701"
"European Union","1993","675014.328057435"
"European Union","1992","683533.639259177"
"European Union","1991","698978.5510307"
"European Union","1990","719485.378147903"
"Finland","2016","4734.90684636885"
"Finland","2015","4873.7121205218"
"Finland","2014","4920.43092090424"
"Finland","2013","5016.95699941441"
"Finland","2012","5151.6691854619"
"Finland","2011","5202.101228731"
"Finland","2010","5373.09095160482"
"Finland","2009","5303.2831562138"
"Finland","2008","5357.57388535729"
"Finland","2007","5503.02806916056"
"Finland","2006","5640.49938943267"
"Finland","2005","5575.6142311168"
"Finland","2004","5829.46299402297"
"Finland","2003","6020.84850352102"
"Finland","2002","6235.50469587448"
"Finland","2001","6471.77873849127"
"Finland","2000","6614.2901894593"
"Finland","1999","6868.90318259221"
"Finland","1998","7022.8547605693"
"Finland","1997","7274.85464337575"
"Finland","1996","7364.02068453385"
"Finland","1995","7447.73696525226"
"Finland","1994","7657.50890285601"
"Finland","1993","7695.90572104925"
"Finland","1992","7662.01927569425"
"Finland","1991","7711.43976772807"
"Finland","1990","7746.41870617533"
"France","2016","56670.1014039779"
"France","2015","57979.43826033"
"France","2014","58718.6719355085"
"France","2013","58851.0221823138"
"France","2012","59376.2077411565"
"France","2011","60721.8574341667"
"France","2010","61900.0072204055"
"France","2009","62225.515479803"
"France","2008","63323.4633532651"
"France","2007","63245.9589077115"
"France","2006","63686.8238651919"
"France","2005","64398.7896259777"
"France","2004","65498.4175775965"
"France","2003","67019.7679531188"
"France","2002","68114.7340934236"
"France","2001","69809.4124465693"
"France","2000","69961.5676933781"
"France","1999","69615.7998998395"
"France","1998","69584.6340867333"
"France","1997","69486.8408088937"
"France","1996","70581.7679123406"
"France","1995","71387.7929332653"
"France","1994","70777.2628172302"
"France","1993","70705.4043665737"
"France","1992","70315.5761654334"
"France","1991","70482.392921258"
"France","1990","69801.6873472151"
"Germany","2016","54402.6109690537"
"Germany","2015","55602.1890823183"
"Germany","2014","55805.7526699807"
"Germany","2013","56968.4439821619"
"Germany","2012","57634.0864653625"
"Germany","2011","57017.8090722348"
"Germany","2010","58143.8503076086"
"Germany","2009","58979.9573250967"
"Germany","2008","61234.7357420097"
"Germany","2007","62153.5170092056"
"Germany","2006","64461.6684875366"
"Germany","2005","68356.630489883"
"Germany","2004","71620.8554515734"
"Germany","2003","76663.6196107525"
"Germany","2002","80051.3123667786"
"Germany","2001","84027.7768805099"
"Germany","2000","87678.362500397"
"Germany","1999","92006.9130138227"
"Germany","1998","92654.605899953"
"Germany","1997","97943.4787805923"
"Germany","1996","102301.194741889"
"Germany","1995","104930.856941317"
"Germany","1994","107265.15235701"
"Germany","1993","111212.580388516"
"Germany","1992","110657.414569562"
"Germany","1991","114326.495532666"
"Germany","1990","120226.697069416"
"Greece","2016","9679.14736301564"
"Greece","2015","10044.5028806874"
"Greece","2014","10207.3126778053"
"Greece","2013","10416.7788021933"
"Greece","2012","10626.5291563814"
"Greece","2011","10824.8828903805"
"Greece","2010","11003.4891799018"
"Greece","2009","10777.4865975972"
"Greece","2008","11122.625018671"
"Greece","2007","11175.3486241656"
"Greece","2006","11326.8716142432"
"Greece","2005","11239.0686520249"
"Greece","2004","11157.7301779436"
"Greece","2003","11120.6863209427"
"Greece","2002","11025.403296704"
"Greece","2001","10938.9417717662"
"Greece","2000","11629.7546249568"
"Greece","1999","11634.8768733216"
"Greece","1998","11640.7832708208"
"Greece","1997","11419.8630925471"
"Greece","1996","11471.9872344079"
"Greece","1995","11303.6183867144"
"Greece","1994","11149.0662574015"
"Greece","1993","11039.0967886038"
"Greece","1992","11014.3413899825"
"Greece","1991","10919.6107774262"
"Greece","1990","10906.8023255441"
"Hungary","2016","7531.89296845738"
"Hungary","2015","7533.50905440062"
"Hungary","2014","7557.64399567598"
"Hungary","2013","7675.30819807598"
"Hungary","2012","7901.48592588242"
"Hungary","2011","7895.94057154119"
"Hungary","2010","8017.77310758506"
"Hungary","2009","8035.8772452609"
"Hungary","2008","8055.3189043213"
"Hungary","2007","8172.77112428599"
"Hungary","2006","8211.11489075299"
"Hungary","2005","8374.88943911206"
"Hungary","2004","8550.1283961607"
"Hungary","2003","9043.79540675291"
"Hungary","2002","8808.2557551048"
"Hungary","2001","8865.62806667625"
"Hungary","2000","8916.21347512263"
"Hungary","1999","8784.06752728774"
"Hungary","1998","8718.91223238305"
"Hungary","1997","8810.5539963266"
"Hungary","1996","8945.14948252435"
"Hungary","1995","8807.27876175073"
"Hungary","1994","9163.75716033076"
"Hungary","1993","9645.65999276572"
"Hungary","1992","10168.3582699239"
"Hungary","1991","11445.1419814819"
"Hungary","1990","11740.3299673445"
"Iceland","2016","594.550493495217"
"Iceland","2015","599.006805312851"
"Iceland","2014","599.165322697332"
"Iceland","2013","585.945150725423"
"Iceland","2012","580.246164098005"
"Iceland","2011","611.071332919203"
"Iceland","2010","636.052093804622"
"Iceland","2009","632.839777390629"
"Iceland","2008","639.149017272768"
"Iceland","2007","647.902280763674"
"Iceland","2006","645.501237054601"
"Iceland","2005","602.532441215995"
"Iceland","2004","611.496972966279"
"Iceland","2003","607.626967834478"
"Iceland","2002","610.883294822771"
"Iceland","2001","613.345180410297"
"Iceland","2000","601.723241490895"
"Iceland","1999","606.966392186949"
"Iceland","1998","601.14355648849"
"Iceland","1997","587.08211275205"
"Iceland","1996","586.509368277295"
"Iceland","1995","576.423757180733"
"Iceland","1994","576.566836990209"
"Iceland","1993","563.284989731864"
"Iceland","1992","550.208011346166"
"Iceland","1991","538.835132885788"
"Iceland","1990","542.749717278743"
"Ireland","2016","13705.367510218"
"Ireland","2015","13323.0023881688"
"Ireland","2014","12943.406743625"
"Ireland","2013","12640.7357809189"
"Ireland","2012","12309.4543823844"
"Ireland","2011","12012.2266682475"
"Ireland","2010","12048.9384811322"
"Ireland","2009","12299.3289174477"
"Ireland","2008","12675.6492039216"
"Ireland","2007","12882.6072201307"
"Ireland","2006","13540.9123586725"
"Ireland","2005","13601.8972437778"
"Ireland","2004","13928.8468813645"
"Ireland","2003","14896.9986045969"
"Ireland","2002","14300.9157347286"
"Ireland","2001","14405.1841504825"
"Ireland","2000","14386.8451879424"
"Ireland","1999","14989.2005575548"
"Ireland","1998","15497.525064349"
"Ireland","1997","15273.5256594627"
"Ireland","1996","15309.9488576684"
"Ireland","1995","15076.9263227783"
"Ireland","1994","15070.9681780726"
"Ireland","1993","15157.6662129383"
"Ireland","1992","15150.850567598"
"Ireland","1991","15041.9194806335"
"Ireland","1990","14867.7957720538"
"Italy","2016","42869.645664891"
"Italy","2015","43133.2643103543"
"Italy","2014","43131.5920186267"
"Italy","2013","44045.7190341073"
"Italy","2012","45724.1501606373"
"Italy","2011","45123.1660806258"
"Italy","2010","46769.0622712305"
"Italy","2009","47142.8554128887"
"Italy","2008","47116.9894311462"
"Italy","2007","47476.29617134"
"Italy","2006","46827.3598189917"
"Italy","2005","48206.0523641772"
"Italy","2004","47737.6334009789"
"Italy","2003","49371.1886352172"
"Italy","2002","49184.0913867256"
"Italy","2001","50834.715966634"
"Italy","2000","50736.5754441955"
"Italy","1999","50818.0068336601"
"Italy","1998","50853.4887404758"
"Italy","1997","51338.7280164378"
"Italy","1996","50806.0897723994"
"Italy","1995","50310.7470356533"
"Italy","1994","49686.0045337984"
"Italy","1993","49283.3019123796"
"Italy","1992","48966.1455613729"
"Italy","1991","49118.6279392657"
"Italy","1990","48235.8769311883"
"Japan","2016","30792.2750208445"
"Japan","2015","31140.8796435788"
"Japan","2014","31879.0665340579"
"Japan","2013","32514.4404323997"
"Japan","2012","32849.9429437468"
"Japan","2011","33688.5344849294"
"Japan","2010","34735.126886867"
"Japan","2009","34126.9593081772"
"Japan","2008","35034.670013291"
"Japan","2007","35362.9824622614"
"Japan","2006","35058.6342241408"
"Japan","2005","35551.2032010491"
"Japan","2004","35749.8266241017"
"Japan","2003","34677.8591255978"
"Japan","2002","36131.3273432557"
"Japan","2001","36741.4664096203"
"Japan","2000","37778.530384818"
"Japan","1999","37795.36093727"
"Japan","1998","37948.9685065785"
"Japan","1997","39805.355908137"
"Japan","1996","40549.3630500428"
"Japan","1995","41759.4435564047"
"Japan","1994","43250.533956486"
"Japan","1993","39863.0529137468"
"Japan","1992","43955.3445028965"
"Japan","1991","43113.7662058307"
"Japan","1990","44337.52514256"
"Latvia","2016","1903.77753096427"
"Latvia","2015","1871.18328723778"
"Latvia","2014","1956.05198241077"
"Latvia","2013","1885.99387996948"
"Latvia","2012","1849.38137013656"
"Latvia","2011","1782.72203575063"
"Latvia","2010","1835.72344868891"
"Latvia","2009","1851.58571051394"
"Latvia","2008","1870.63821231535"
"Latvia","2007","1913.29095662498"
"Latvia","2006","1856.68773792396"
"Latvia","2005","1879.94790317798"
"Latvia","2004","1822.69246365186"
"Latvia","2003","1847.2612530313"
"Latvia","2002","1924.8170833063"
"Latvia","2001","1938.59142448569"
"Latvia","2000","1849.35500540098"
"Latvia","1999","1806.97672678954"
"Latvia","1998","1937.57890734314"
"Latvia","1997","2023.09716745878"
"Latvia","1996","2050.84758132976"
"Latvia","1995","2088.04961112052"
"Latvia","1994","2104.1116475983"
"Latvia","1993","2274.904628198"
"Latvia","1992","2996.22986908642"
"Latvia","1991","3484.49810643121"
"Latvia","1990","3538.96975511995"
"Liechtenstein","2016","19.4106428094005"
"Liechtenstein","2015","19.386058425805"
"Liechtenstein","2014","19.707083977601"
"Liechtenstein","2013","19.7367152117"
"Liechtenstein","2012","20.606411802046"
"Liechtenstein","2011","20.2009073048392"
"Liechtenstein","2010","19.7715173602033"
"Liechtenstein","2009","20.2942435038695"
"Liechtenstein","2008","20.5786099229475"
"Liechtenstein","2007","20.2847399647993"
"Liechtenstein","2006","19.8552180481615"
"Liechtenstein","2005","19.2236264157092"
"Liechtenstein","2004","18.6016796729512"
"Liechtenstein","2003","18.5310735881825"
"Liechtenstein","2002","18.346002547089"
"Liechtenstein","2001","18.0331331333818"
"Liechtenstein","2000","17.3585788366788"
"Liechtenstein","1999","17.5887874757337"
"Liechtenstein","1998","18.2099097823225"
"Liechtenstein","1997","18.3844166360885"
"Liechtenstein","1996","18.6892398403313"
"Liechtenstein","1995","18.2410367973047"
"Liechtenstein","1994","18.3337607834507"
"Liechtenstein","1993","18.1011660929903"
"Liechtenstein","1992","18.923497209931"
"Liechtenstein","1991","19.3024626429308"
"Liechtenstein","1990","19.4245152302287"
"Lithuania","2016","3278.69811406512"
"Lithuania","2015","3381.48545003367"
"Lithuania","2014","3437.69651964376"
"Lithuania","2013","3438.42099223883"
"Lithuania","2012","3511.62027106272"
"Lithuania","2011","3502.80959744999"
"Lithuania","2010","3673.16515802278"
"Lithuania","2009","3704.67632249366"
"Lithuania","2008","3809.90427158489"
"Lithuania","2007","3871.6594531236"
"Lithuania","2006","3909.12051181487"
"Lithuania","2005","3910.23881247368"
"Lithuania","2004","3917.54942480399"
"Lithuania","2003","3900.06909353922"
"Lithuania","2002","3848.71426673662"
"Lithuania","2001","3793.50797223613"
"Lithuania","2000","3868.38078686492"
"Lithuania","1999","4010.18114169925"
"Lithuania","1998","4262.76502504306"
"Lithuania","1997","4380.35588833371"
"Lithuania","1996","4370.06310874772"
"Lithuania","1995","4454.78430467928"
"Lithuania","1994","4689.13804234401"
"Lithuania","1993","5193.8117001267"
"Lithuania","1992","5951.38176787171"
"Lithuania","1991","6812.0039406587"
"Lithuania","1990","7028.26281844855"
"Luxembourg","2016","625.048587590108"
"Luxembourg","2015","620.705831275434"
"Luxembourg","2014","614.330837578132"
"Luxembourg","2013","601.525454118483"
"Luxembourg","2012","596.84483177063"
"Luxembourg","2011","605.559332599049"
"Luxembourg","2010","630.524148878003"
"Luxembourg","2009","629.419053674249"
"Luxembourg","2008","627.879416637552"
"Luxembourg","2007","617.730584749701"
"Luxembourg","2006","606.297943480227"
"Luxembourg","2005","609.595104334064"
"Luxembourg","2004","610.939655178191"
"Luxembourg","2003","615.636512325355"
"Luxembourg","2002","627.496039554324"
"Luxembourg","2001","628.633776895101"
"Luxembourg","2000","623.56311278651"
"Luxembourg","1999","631.700684185953"
"Luxembourg","1998","626.478181503319"
"Luxembourg","1997","629.143351905931"
"Luxembourg","1996","628.608294374224"
"Luxembourg","1995","618.849998093846"
"Luxembourg","1994","603.105524386304"
"Luxembourg","1993","627.219858392645"
"Luxembourg","1992","627.787226956853"
"Luxembourg","1991","638.239488998728"
"Luxembourg","1990","631.395711352028"
"Malta","2016","191.058491894978"
"Malta","2015","178.35783223811"
"Malta","2014","171.21066749017"
"Malta","2013","154.950719971336"
"Malta","2012","165.550791286758"
"Malta","2011","167.528895523388"
"Malta","2010","179.7184022072"
"Malta","2009","161.510829805208"
"Malta","2008","146.483727964575"
"Malta","2007","226.881174200748"
"Malta","2006","220.706150406922"
"Malta","2005","212.948603550165"
"Malta","2004","201.185852346525"
"Malta","2003","191.690004438229"
"Malta","2002","184.729351545221"
"Malta","2001","178.362303314621"
"Malta","2000","173.52770908135"
"Malta","1999","162.716778738459"
"Malta","1998","155.923732203279"
"Malta","1997","149.316779441986"
"Malta","1996","142.446350159397"
"Malta","1995","135.912083017085"
"Malta","1994","131.607919461381"
"Malta","1993","126.454810527167"
"Malta","1992","120.183106551902"
"Malta","1991","113.235282901052"
"Malta","1990","105.923386056605"
"Monaco","2016","2.93586473978525"
"Monaco","2015","3.199711874796"
"Monaco","2014","2.67664852654175"
"Monaco","2013","2.8416799558465"
"Monaco","2012","3.1234035866995"
"Monaco","2011","1.879802733553"
"Monaco","2010","2.565599134606"
"Monaco","2009","1.381715785166"
"Monaco","2008","2.55223043506175"
"Monaco","2007","3.03783023374975"
"Monaco","2006","3.005044188903"
"Monaco","2005","2.68014920949675"
"Monaco","2004","2.5731437346265"
"Monaco","2003","2.26814856161475"
"Monaco","2002","2.07425294721625"
"Monaco","2001","2.31592109406875"
"Monaco","2000","2.5161926763995"
"Monaco","1999","2.26671899354325"
"Monaco","1998","1.48525093885925"
"Monaco","1997","1.26401311460575"
"Monaco","1996","1.7479042503185"
"Monaco","1995","1.657406634837"
"Monaco","1994","1.22889503548925"
"Monaco","1993","1.47971365374125"
"Monaco","1992","1.7792758555775"
"Monaco","1991","2.03209567722525"
"Monaco","1990","2.14332395692525"
"Netherlands","2016","18587.4277532742"
"Netherlands","2015","18435.5541588166"
"Netherlands","2014","18235.9674430263"
"Netherlands","2013","18633.4712953923"
"Netherlands","2012","18651.9386399141"
"Netherlands","2011","19032.8928354909"
"Netherlands","2010","19599.4032881934"
"Netherlands","2009","19646.1042500497"
"Netherlands","2008","19895.5570031603"
"Netherlands","2007","19672.2355209514"
"Netherlands","2006","19597.4560548762"
"Netherlands","2005","20014.0965628059"
"Netherlands","2004","21419.6899835617"
"Netherlands","2003","21852.9334766111"
"Netherlands","2002","22608.6326896313"
"Netherlands","2001","23730.9383698202"
"Netherlands","2000","24392.7325690326"
"Netherlands","1999","25489.1048612431"
"Netherlands","1998","26749.1575467425"
"Netherlands","1997","27920.350276597"
"Netherlands","1996","29124.3953783477"
"Netherlands","1995","29812.7285390024"
"Netherlands","1994","30531.2998640167"
"Netherlands","1993","31547.5327437943"
"Netherlands","1992","31974.8438685888"
"Netherlands","1991","32363.5074088624"
"Netherlands","1990","31958.0108033984"
"New Zealand","2016","33684.8202985626"
"New Zealand","2015","34078.9501718972"
"New Zealand","2014","34624.7128351239"
"New Zealand","2013","34431.7335543387"
"New Zealand","2012","34431.6583357847"
"New Zealand","2011","33955.7041005786"
"New Zealand","2010","33815.2045843167"
"New Zealand","2009","33835.5117526848"
"New Zealand","2008","33547.6833748485"
"New Zealand","2007","34581.8896564294"
"New Zealand","2006","35741.8396873397"
"New Zealand","2005","35609.2390359446"
"New Zealand","2004","35344.4011669176"
"New Zealand","2003","35426.0028685704"
"New Zealand","2002","35207.9582567543"
"New Zealand","2001","35272.6519491381"
"New Zealand","2000","35079.9933187651"
"New Zealand","1999","34213.2599938913"
"New Zealand","1998","33889.6304748312"
"New Zealand","1997","34572.5765671858"
"New Zealand","1996","33930.6964808065"
"New Zealand","1995","33315.5992432487"
"New Zealand","1994","32902.2280765626"
"New Zealand","1993","32180.0327001718"
"New Zealand","1992","32160.3006116168"
"New Zealand","1991","32473.4501809265"
"New Zealand","1990","32277.1846753432"
"Norway","2016","5078.83883105945"
"Norway","2015","5163.01548592048"
"Norway","2014","5269.61459093503"
"Norway","2013","5183.87774586287"
"Norway","2012","5158.36297491013"
"Norway","2011","5196.55278663513"
"Norway","2010","5353.07181525725"
"Norway","2009","5334.56350773344"
"Norway","2008","5296.86662781986"
"Norway","2007","5441.51874328313"
"Norway","2006","5323.35655972578"
"Norway","2005","5450.98815957307"
"Norway","2004","5651.65153845738"
"Norway","2003","5663.67003149115"
"Norway","2002","5557.64557886418"
"Norway","2001","5709.61164012343"
"Norway","2000","5672.57025859802"
"Norway","1999","5605.88497581373"
"Norway","1998","5735.70934075193"
"Norway","1997","5937.45768186194"
"Norway","1996","5942.55799399918"
"Norway","1995","5865.80294667918"
"Norway","1994","5990.03276059168"
"Norway","1993","5930.59821838168"
"Norway","1992","5834.28790179668"
"Norway","1991","5754.9214563064"
"Norway","1990","5788.3830442525"
"Poland","2016","46109.3573824977"
"Poland","2015","46658.8018208173"
"Poland","2014","45986.7687354828"
"Poland","2013","46452.8032222775"
"Poland","2012","46172.1480808572"
"Poland","2011","46396.203663176"
"Poland","2010","47496.1523781761"
"Poland","2009","47534.812915991"
"Poland","2008","48669.505145342"
"Poland","2007","48940.1208227339"
"Poland","2006","49591.5198431146"
"Poland","2005","49315.3743446824"
"Poland","2004","48870.3618788468"
"Poland","2003","49266.5028393452"
"Poland","2002","48859.6665024088"
"Poland","2001","50461.7424631455"
"Poland","2000","48677.7523031945"
"Poland","1999","49977.7111596306"
"Poland","1998","50966.4721592488"
"Poland","1997","52738.6605026271"
"Poland","1996","52918.1189056832"
"Poland","1995","53636.3550694904"
"Poland","1994","55105.4451281679"
"Poland","1993","55808.7636876838"
"Poland","1992","57531.7885468383"
"Poland","1991","59321.0547943589"
"Poland","1990","64014.9978515672"
"Portugal","2016","11081.7097811961"
"Portugal","2015","11085.8782177826"
"Portugal","2014","11145.1119643106"
"Portugal","2013","11266.1156572345"
"Portugal","2012","11456.6473436651"
"Portugal","2011","11688.416439362"
"Portugal","2010","11529.00173192"
"Portugal","2009","11515.7360550758"
"Portugal","2008","11713.0538780866"
"Portugal","2007","12179.0149754775"
"Portugal","2006","12355.4421283816"
"Portugal","2005","12427.4779211194"
"Portugal","2004","12806.5964630852"
"Portugal","2003","12651.5471166715"
"Portugal","2002","12449.5980528956"
"Portugal","2001","12278.9812519653"
"Portugal","2000","12292.7952395678"
"Portugal","1999","12224.5726969085"
"Portugal","1998","12073.2656410967"
"Portugal","1997","11764.0770410887"
"Portugal","1996","11537.0801370163"
"Portugal","1995","11465.2843543385"
"Portugal","1994","11130.406569582"
"Portugal","1993","10870.3352133871"
"Portugal","1992","10744.4052360754"
"Portugal","1991","10592.6296084589"
"Portugal","1990","10392.3592512532"
"Romania","2016","28551.5980348135"
"Romania","2015","29584.0550728035"
"Romania","2014","29742.2012661484"
"Romania","2013","29766.6985263759"
"Romania","2012","30123.9467255167"
"Romania","2011","29520.2913139476"
"Romania","2010","30042.1927831484"
"Romania","2009","32157.9704307903"
"Romania","2008","33724.5435406756"
"Romania","2007","34508.328291704"
"Romania","2006","35707.6638052276"
"Romania","2005","36059.3033451719"
"Romania","2004","36393.9540642007"
"Romania","2003","37705.7862695711"
"Romania","2002","37654.4849746299"
"Romania","2001","38019.5864600951"
"Romania","2000","36107.2258135412"
"Romania","1999","35157.3649552135"
"Romania","1998","36622.3158441477"
"Romania","1997","38863.9558163457"
"Romania","1996","41826.8543988973"
"Romania","1995","41939.4807286311"
"Romania","1994","41715.5905072427"
"Romania","1993","42370.0771908842"
"Romania","1992","43920.4630740029"
"Romania","1991","48533.0944794211"
"Romania","1990","57229.5619840076"
"Russian Federation","2016","856363.707292483"
"Russian Federation","2015","838808.822534437"
"Russian Federation","2014","832010.625976735"
"Russian Federation","2013","827510.352002991"
"Russian Federation","2012","824673.857213701"
"Russian Federation","2011","814248.903427945"
"Russian Federation","2010","800251.404985297"
"Russian Federation","2009","775424.124391742"
"Russian Federation","2008","792099.677969295"
"Russian Federation","2007","790907.879388989"
"Russian Federation","2006","779118.671232254"
"Russian Federation","2005","764007.178241321"
"Russian Federation","2004","751954.586665244"
"Russian Federation","2003","713192.665552492"
"Russian Federation","2002","665958.376004862"
"Russian Federation","2001","638895.455146967"
"Russian Federation","2000","611795.124983344"
"Russian Federation","1999","592478.663894972"
"Russian Federation","1998","592094.894335573"
"Russian Federation","1997","606845.375350973"
"Russian Federation","1996","615682.24379373"
"Russian Federation","1995","634297.967723531"
"Russian Federation","1994","659473.553843695"
"Russian Federation","1993","716821.948225682"
"Russian Federation","1992","773588.668280986"
"Russian Federation","1991","854406.357860532"
"Russian Federation","1990","922029.610578543"
"Slovakia","2016","4383.51591078185"
"Slovakia","2015","4351.76225248789"
"Slovakia","2014","4229.49723448591"
"Slovakia","2013","4429.3745093478"
"Slovakia","2012","4302.02626772083"
"Slovakia","2011","4669.86082126404"
"Slovakia","2010","4605.07273407203"
"Slovakia","2009","4547.76930260153"
"Slovakia","2008","4783.16052342353"
"Slovakia","2007","4730.35529991143"
"Slovakia","2006","4847.41312628909"
"Slovakia","2005","5031.56646430685"
"Slovakia","2004","5029.58015873035"
"Slovakia","2003","5043.65472850897"
"Slovakia","2002","5137.80764469517"
"Slovakia","2001","5257.36158733896"
"Slovakia","2000","5349.96253117936"
"Slovakia","1999","5572.28220604318"
"Slovakia","1998","5615.89948490343"
"Slovakia","1997","5716.80637843696"
"Slovakia","1996","5978.11407778877"
"Slovakia","1995","6004.64332428853"
"Slovakia","1994","5951.5116233502"
"Slovakia","1993","6144.81817179451"
"Slovakia","1992","6561.01749778646"
"Slovakia","1991","6907.49586177745"
"Slovakia","1990","7191.67471788318"
"Slovenia","2016","2145.8088285144"
"Slovenia","2015","2107.05978437516"
"Slovenia","2014","2042.84638646065"
"Slovenia","2013","2145.36796521751"
"Slovenia","2012","2203.17983503793"
"Slovenia","2011","2252.80713658919"
"Slovenia","2010","2262.47769314635"
"Slovenia","2009","2290.04230398153"
"Slovenia","2008","2367.40311612766"
"Slovenia","2007","2479.85797114657"
"Slovenia","2006","2462.14960840722"
"Slovenia","2005","2493.06803313432"
"Slovenia","2004","2509.80817784505"
"Slovenia","2003","2527.34384526394"
"Slovenia","2002","2568.54617344228"
"Slovenia","2001","2474.54573543097"
"Slovenia","2000","2496.67010216364"
"Slovenia","1999","2411.73009017088"
"Slovenia","1998","2412.20902718132"
"Slovenia","1997","2372.1053083179"
"Slovenia","1996","2376.97069882999"
"Slovenia","1995","2420.43560949021"
"Slovenia","1994","2391.37491445894"
"Slovenia","1993","2388.49807659494"
"Slovenia","1992","2468.74647232823"
"Slovenia","1991","2421.36071223182"
"Slovenia","1990","2507.11060071739"
"Spain","2016","37259.8200022101"
"Spain","2015","37159.5393478948"
"Spain","2014","35668.1344748569"
"Spain","2013","36211.5449710691"
"Spain","2012","37239.2778817609"
"Spain","2011","38245.2815864516"
"Spain","2010","37912.0369279455"
"Spain","2009","40119.9753070251"
"Spain","2008","38572.7974213403"
"Spain","2007","39881.4100095469"
"Spain","2006","39028.0162341143"
"Spain","2005","39795.4212170595"
"Spain","2004","40463.4333021032"
"Spain","2003","41217.4984813742"
"Spain","2002","40630.2017244107"
"Spain","2001","40410.8975427277"
"Spain","2000","40142.1849218748"
"Spain","1999","38894.0541263702"
"Spain","1998","38147.0124679027"
"Spain","1997","37650.9668720581"
"Spain","1996","36940.6091669327"
"Spain","1995","36010.8808937577"
"Spain","1994","35076.0010016654"
"Spain","1993","34200.5682275391"
"Spain","1992","34233.0545877263"
"Spain","1991","33452.3272045453"
"Spain","1990","34038.8880889333"
"Sweden","2016","4745.82012546603"
"Sweden","2015","4818.24151613844"
"Sweden","2014","4923.34114582024"
"Sweden","2013","5054.83221246089"
"Sweden","2012","5126.18293968766"
"Sweden","2011","5300.44770323759"
"Sweden","2010","5440.75071836448"
"Sweden","2009","5563.25682082804"
"Sweden","2008","5707.53260951892"
"Sweden","2007","5976.26479852118"
"Sweden","2006","6226.24097883337"
"Sweden","2005","6353.55221958756"
"Sweden","2004","6528.77897612468"
"Sweden","2003","6499.99772355222"
"Sweden","2002","6694.78552595079"
"Sweden","2001","6938.25233832083"
"Sweden","2000","7017.55164286966"
"Sweden","1999","7183.05671291421"
"Sweden","1998","7382.10484015056"
"Sweden","1997","7511.67813096257"
"Sweden","1996","7585.89328220138"
"Sweden","1995","7567.78630523557"
"Sweden","1994","7657.13434232994"
"Sweden","1993","7727.44304474277"
"Sweden","1992","7744.34466903062"
"Sweden","1991","7605.41742385472"
"Sweden","1990","7601.84498046831"
"Switzerland","2016","4907.43359279951"
"Switzerland","2015","4955.65108802487"
"Switzerland","2014","4982.6716424132"
"Switzerland","2013","4985.27195524363"
"Switzerland","2012","5047.3496040225"
"Switzerland","2011","5075.59964005237"
"Switzerland","2010","5129.16061234067"
"Switzerland","2009","5157.63146553447"
"Switzerland","2008","5250.60984753323"
"Switzerland","2007","5174.599420413"
"Switzerland","2006","5195.65787245529"
"Switzerland","2005","5183.52714234094"
"Switzerland","2004","5167.9897066417"
"Switzerland","2003","5201.37683197313"
"Switzerland","2002","5281.76193718603"
"Switzerland","2001","5325.06447119207"
"Switzerland","2000","5286.95379936493"
"Switzerland","1999","5338.80526910898"
"Switzerland","1998","5435.09595473125"
"Switzerland","1997","5503.44404582897"
"Switzerland","1996","5645.72993290336"
"Switzerland","1995","5688.35038757657"
"Switzerland","1994","5697.04514872611"
"Switzerland","1993","5747.07299863143"
"Switzerland","1992","5855.11812026615"
"Switzerland","1991","5937.30121141831"
"Switzerland","1990","6005.43364067522"
"Turkey","2016","54717.597046969"
"Turkey","2015","52392.7200544448"
"Turkey","2014","58130.4751582438"
"Turkey","2013","56771.5239903372"
"Turkey","2012","57965.4694529278"
"Turkey","2011","54709.5966399253"
"Turkey","2010","52461.5570938833"
"Turkey","2009","50542.5193836069"
"Turkey","2008","50765.4691817481"
"Turkey","2007","49652.2164566711"
"Turkey","2006","47127.9172789328"
"Turkey","2005","45468.2010244497"
"Turkey","2004","43650.4108901771"
"Turkey","2003","42960.6532660926"
"Turkey","2002","40840.7640093869"
"Turkey","2001","42879.9482417167"
"Turkey","2000","43484.2376076471"
"Turkey","1999","43653.1722852433"
"Turkey","1998","42257.8953594057"
"Turkey","1997","42001.5266083044"
"Turkey","1996","42699.1617234635"
"Turkey","1995","42372.386706378"
"Turkey","1994","42618.7751760952"
"Turkey","1993","42886.4553244127"
"Turkey","1992","43088.5978918818"
"Turkey","1991","43148.9380658777"
"Turkey","1990","42183.4991843292"
"Ukraine","2016","67988.688123086"
"Ukraine","2015","63279.7967856106"
"Ukraine","2014","70941.4727079263"
"Ukraine","2013","77513.4645417229"
"Ukraine","2012","82637.9252641257"
"Ukraine","2011","88036.0242321932"
"Ukraine","2010","86685.8116675353"
"Ukraine","2009","87412.5027144059"
"Ukraine","2008","95548.7579841795"
"Ukraine","2007","102086.61944789"
"Ukraine","2006","102824.190580661"
"Ukraine","2005","104803.722863958"
"Ukraine","2004","108278.576736626"
"Ukraine","2003","110886.98159"
"Ukraine","2002","110833.995251705"
"Ukraine","2001","118005.838627517"
"Ukraine","2000","118569.772341851"
"Ukraine","1999","127647.503695271"
"Ukraine","1998","127906.708199494"
"Ukraine","1997","130567.94642667"
"Ukraine","1996","136445.5974034"
"Ukraine","1995","140534.238332075"
"Ukraine","1994","152223.372285394"
"Ukraine","1993","162518.131022834"
"Ukraine","1992","171273.467439183"
"Ukraine","1991","181490.312196972"
"Ukraine","1990","189429.91454589"
"United Kingdom","2016","51985.6398318991"
"United Kingdom","2015","51992.8370494175"
"United Kingdom","2014","53472.8406333123"
"United Kingdom","2013","55883.3990237426"
"United Kingdom","2012","60538.2147060404"
"United Kingdom","2011","62241.075041746"
"United Kingdom","2010","64939.3520016212"
"United Kingdom","2009","69531.9257862865"
"United Kingdom","2008","73945.9321153417"
"United Kingdom","2007","79708.0699589573"
"United Kingdom","2006","83615.5401653037"
"United Kingdom","2005","88040.6210805165"
"United Kingdom","2004","92730.8634802447"
"United Kingdom","2003","97028.960555493"
"United Kingdom","2002","102235.538723438"
"United Kingdom","2001","104732.890196897"
"United Kingdom","2000","109594.860160663"
"United Kingdom","1999","114883.048852129"
"United Kingdom","1998","120449.586418622"
"United Kingdom","1997","124001.776852751"
"United Kingdom","1996","126379.709612313"
"United Kingdom","1995","127194.122944062"
"United Kingdom","1994","125654.489007251"
"United Kingdom","1993","132534.857689833"
"United Kingdom","1992","134177.143869893"
"United Kingdom","1991","134504.45363472"
"United Kingdom","1990","133737.265393994"
"United States of America","2016","657439.823843596"
"United States of America","2015","665381.403482036"
"United States of America","2014","663961.12285557"
"United States of America","2013","662552.604931492"
"United States of America","2012","662501.260316881"
"United States of America","2011","672405.167075556"
"United States of America","2010","693630.829697295"
"United States of America","2009","691997.974947283"
"United States of America","2008","697810.961540445"
"United States of America","2007","689863.239153087"
"United States of America","2006","688610.750524577"
"United States of America","2005","688606.981984315"
"United States of America","2004","684424.774440636"
"United States of America","2003","693749.054868357"
"United States of America","2002","694008.064078073"
"United States of America","2001","702968.869640872"
"United States of America","2000","709233.59673864"
"United States of America","1999","717558.620899164"
"United States of America","1998","728650.876935034"
"United States of America","1997","743357.026211823"
"United States of America","1996","758666.158190576"
"United States of America","1995","767225.641005245"
"United States of America","1994","774603.672507164"
"United States of America","1993","769973.082106607"
"United States of America","1992","783595.662564542"
"United States of America","1991","784557.250686313"
"United States of America","1990","779942.238765189"

